[
    {
        "model": "authentication.visualizationtype",
        "pk": 1,
        "fields": {
            "name": "kanban",
            "label_name": "Kanban",
            "order": 1
        }
    },
    {
        "model": "authentication.visualizationtype",
        "pk": 2,
        "fields": {
            "name": "listing",
            "label_name": "Listagem",
            "order": 1
        }
    },
    {
        "model": "authentication.visualizationtype",
        "pk": 3,
        "fields": {
            "name": "dashboard",
            "label_name": "Dashboard",
            "order": 1
        }
    },
    {
        "model": "authentication.companytype",
        "pk": 1,
        "fields": {
            "name": "software",
            "label_name": "Software, Desenvolvimento de Aplicativos",
            "order": 1
        }
    },
    {
        "model": "authentication.companytype",
        "pk": 2,
        "fields": {
            "name": "insurance",
            "label_name": "Seguros",
            "order": 1
        }
    },
    {
        "model": "authentication.companytype",
        "pk": 3,
        "fields": {
            "name": "health",
            "label_name": "Saúde",
            "order": 1
        }
    },
    {
        "model": "authentication.companytype",
        "pk": 4,
        "fields": {
            "name": "startup",
            "label_name": "Start-up",
            "order": 1
        }
    },
    {
        "model": "authentication.companytype",
        "pk": 5,
        "fields": {
            "name": "education",
            "label_name": "Educação",
            "order": 1
        }
    },
    {
        "model": "authentication.companytype",
        "pk": 6,
        "fields": {
            "name": "realestate",
            "label_name": "Imobiliário",
            "order": 1
        }
    },
    {
        "model": "authentication.companytype",
        "pk": 7,
        "fields": {
            "name": "agency",
            "label_name": "Agência Criativa",
            "order": 1
        }
    },
    {
        "model": "authentication.companytype",
        "pk": 8,
        "fields": {
            "name": "financial",
            "label_name": "Serviços Financeiros",
            "order": 1
        }
    },
    {
        "model": "authentication.companytype",
        "pk": 9,
        "fields": {
            "name": "news",
            "label_name": "Imprensa",
            "order": 1
        }
    },
    {
        "model": "authentication.companytype",
        "pk": 10,
        "fields": {
            "name": "industry",
            "label_name": "Indústria",
            "order": 1
        }
    },
    {
        "model": "authentication.companytype",
        "pk": 11,
        "fields": {
            "name": "consulting",
            "label_name": "Consultoria",
            "order": 1
        }
    },
    {
        "model": "authentication.companytype",
        "pk": 12,
        "fields": {
            "name": "smallbusiness",
            "label_name": "Atacado, Varejo",
            "order": 1
        }
    },
    {
        "model": "authentication.companytype",
        "pk": 13,
        "fields": {
            "name": "building",
            "label_name": "Construção",
            "order": 1
        }
    },
    {
        "model": "authentication.companytype",
        "pk": 14,
        "fields": {
            "name": "others",
            "label_name": "Outros",
            "order": 1
        }
    },
    {
        "model": "authentication.profiletype",
        "pk": 2,
        "fields": {
            "name": "coordinator",
            "label_name": "Coordenador",
            "can_edit": true,
            "order": 1
        }
    },
    {
        "model": "authentication.profiletype",
        "pk": 3,
        "fields": {
            "name": "admin",
            "label_name": "Admin",
            "can_edit": true,
            "order": 1
        }
    },
    {
        "model": "authentication.profiletype",
        "pk": 4,
        "fields": {
            "name": "simple_user",
            "label_name": "Analista",
            "can_edit": true,
            "order": 1
        }
    },
    {
        "model": "billing.chargetype",
        "pk": 1,
        "fields": {
            "name": "user",
            "order": 1
        }
    },
    {
        "model": "billing.chargetype",
        "pk": 2,
        "fields": {
            "name": "company",
            "order": 1
        }
    },
    {
        "model": "billing.chargefrequencytype",
        "pk": 1,
        "fields": {
            "name": "monthly",
            "order": 1
        }
    },
    {
        "model": "billing.invoicedatetype",
        "pk": 1,
        "fields": {
            "date": 4,
            "order": 1
        }
    },
    {
        "model": "billing.invoicedatetype",
        "pk": 2,
        "fields": {
            "date": 1,
            "order": 0
        }
    },
    {
        "model": "billing.invoicedatetype",
        "pk": 3,
        "fields": {
            "date": 15,
            "order": 2
        }
    },
    {
        "model": "billing.invoicedatetype",
        "pk": 4,
        "fields": {
            "date": 25,
            "order": 3
        }
    },
    {
        "model": "billing.paymentmethodtype",
        "pk": 1,
        "fields": {
            "name": "credit_card",
            "order": 1
        }
    },
    {
        "model": "billing.paymentmethodtype",
        "pk": 2,
        "fields": {
            "name": "invoice",
            "order": 1
        }
    },
    {
        "model": "billing.individualchargevaluetype",
        "pk": 1,
        "fields": {
            "charge_type": 2,
            "charge_frequency_type": 1,
            "name": "per_gb",
            "charge_group_name": "per_gb",
            "value": "1.00",
            "default_quantity": 5,
            "order": 2
        }
    },
    {
        "model": "billing.individualchargevaluetype",
        "pk": 2,
        "fields": {
            "charge_type": 2,
            "charge_frequency_type": 1,
            "name": "per_user",
            "charge_group_name": "per_user",
            "value": "41.90",
            "default_quantity": 1,
            "order": 1
        }
    },
    {
        "model": "billing.individualchargevaluetype",
        "pk": 4,
        "fields": {
            "charge_type": 1,
            "charge_frequency_type": 1,
            "name": "per_chart_for_each_page",
            "charge_group_name": "per_chart",
            "value": "1.00",
            "default_quantity": 2,
            "order": 4
        }
    },
    {
        "model": "billing.individualchargevaluetype",
        "pk": 5,
        "fields": {
            "charge_type": 2,
            "charge_frequency_type": 1,
            "name": "per_pdf_download",
            "charge_group_name": "per_pdf_download",
            "value": "1.00",
            "default_quantity": 30,
            "order": 5
        }
    },
    {
        "model": "billing.individualchargevaluetype",
        "pk": 6,
        "fields": {
            "charge_type": 2,
            "charge_frequency_type": 1,
            "name": "per_notification",
            "charge_group_name": "per_notification",
            "value": "1.00",
            "default_quantity": 2,
            "order": 6
        }
    },
    {
        "model": "billing.individualchargevaluetype",
        "pk": 7,
        "fields": {
            "charge_type": 2,
            "charge_frequency_type": 1,
            "name": "per_page",
            "charge_group_name": "per_page",
            "value": "1.00",
            "default_quantity": 30,
            "order": 7
        }
    },
    {
        "model": "billing.individualchargevaluetype",
        "pk": 8,
        "fields": {
            "charge_type": 2,
            "charge_frequency_type": 1,
            "name": "per_api_calls",
            "charge_group_name": "per_api_calls",
            "value": "1.00",
            "default_quantity": 50,
            "order": 8
        }
    },
    {
        "model": "billing.individualchargevaluetype",
        "pk": 9,
        "fields": {
            "charge_type": 2,
            "charge_frequency_type": 1,
            "name": "per_access",
            "charge_group_name": "per_access",
            "value": "1.00",
            "default_quantity": 0,
            "order": 9
        }
    },
    {
        "model": "billing.individualchargevaluetype",
        "pk": 10,
        "fields": {
            "charge_type": 2,
            "charge_frequency_type": 1,
            "name": "per_formula_fields",
            "charge_group_name": "per_formula_fields",
            "value": "1.00",
            "default_quantity": 2,
            "order": 10
        }
    },
    {
        "model": "dashboard.aggregationtype",
        "pk": 1,
        "fields": {
            "name": "sum",
            "order": 1
        }
    },
    {
        "model": "dashboard.aggregationtype",
        "pk": 2,
        "fields": {
            "name": "avg",
            "order": 1
        }
    },
    {
        "model": "dashboard.aggregationtype",
        "pk": 3,
        "fields": {
            "name": "percent",
            "order": 1
        }
    },
    {
        "model": "dashboard.aggregationtype",
        "pk": 4,
        "fields": {
            "name": "max",
            "order": 1
        }
    },
    {
        "model": "dashboard.aggregationtype",
        "pk": 5,
        "fields": {
            "name": "min",
            "order": 1
        }
    },
    {
        "model": "dashboard.aggregationtype",
        "pk": 6,
        "fields": {
            "name": "count",
            "order": 1
        }
    },
    {
        "model": "dashboard.charttype",
        "pk": 1,
        "fields": {
            "name": "pie",
            "order": 1
        }
    },
    {
        "model": "dashboard.charttype",
        "pk": 2,
        "fields": {
            "name": "line",
            "order": 1
        }
    },
    {
        "model": "dashboard.charttype",
        "pk": 3,
        "fields": {
            "name": "bar",
            "order": 1
        }
    },
    {
        "model": "dashboard.charttype",
        "pk": 4,
        "fields": {
            "name": "card",
            "order": 1
        }
    },
    {
        "model": "formula.formulacontexttype",
        "pk": 1,
        "fields": {
            "language": "default",
            "name": "default",
            "order": 1
        }
    },
    {
        "model": "formula.formulacontexttype",
        "pk": 2,
        "fields": {
            "language": "portuguese",
            "name": "portuguese",
            "order": 2
        }
    },
    {
        "model": "formula.formulaattributetype",
        "pk": 1,
        "fields": {
            "name": "conjunction",
            "order": 1
        }
    },
    {
        "model": "formula.formulaattributetype",
        "pk": 2,
        "fields": {
            "name": "disjunction",
            "order": 2
        }
    },
    {
        "model": "formula.formulaattributetype",
        "pk": 3,
        "fields": {
            "name": "inversion",
            "order": 3
        }
    },
    {
        "model": "formula.formulaattributetype",
        "pk": 4,
        "fields": {
            "name": "block_do",
            "order": 4
        }
    },
    {
        "model": "formula.formulaattributetype",
        "pk": 5,
        "fields": {
            "name": "block_end",
            "order": 5
        }
    },
    {
        "model": "formula.formulaattributetype",
        "pk": 6,
        "fields": {
            "name": "null",
            "order": 6
        }
    },
    {
        "model": "formula.formulaattributetype",
        "pk": 7,
        "fields": {
            "name": "boolean_true",
            "order": 7
        }
    },
    {
        "model": "formula.formulaattributetype",
        "pk": 8,
        "fields": {
            "name": "boolean_false",
            "order": 8
        }
    },
    {
        "model": "formula.formulaattributetype",
        "pk": 9,
        "fields": {
            "name": "if_if",
            "order": 9
        }
    },
    {
        "model": "formula.formulaattributetype",
        "pk": 10,
        "fields": {
            "name": "if_else",
            "order": 10
        }
    },
    {
        "model": "formula.formulaattributetype",
        "pk": 11,
        "fields": {
            "name": "function",
            "order": 11
        }
    },
    {
        "model": "formula.formulaattributetype",
        "pk": 12,
        "fields": {
            "name": "decimal_point_separator",
            "order": 12
        }
    },
    {
        "model": "formula.formulaattributetype",
        "pk": 13,
        "fields": {
            "name": "positional_argument_separator",
            "order": 13
        }
    },
    {
        "model": "formula.formulaattributetype",
        "pk": 14,
        "fields": {
            "name": "module",
            "order": 14
        }
    },
    {
        "model": "formula.formulaattributetype",
        "pk": 15,
        "fields": {
            "name": "includes",
            "order": 15
        }
    },
    {
        "model": "formula.formulacontextattributetype",
        "pk": 1,
        "fields": {
            "context_type": 1,
            "attribute_type": 1,
            "translation": "and"
        }
    },
    {
        "model": "formula.formulacontextattributetype",
        "pk": 2,
        "fields": {
            "context_type": 1,
            "attribute_type": 2,
            "translation": "or"
        }
    },
    {
        "model": "formula.formulacontextattributetype",
        "pk": 3,
        "fields": {
            "context_type": 1,
            "attribute_type": 3,
            "translation": "not"
        }
    },
    {
        "model": "formula.formulacontextattributetype",
        "pk": 4,
        "fields": {
            "context_type": 1,
            "attribute_type": 4,
            "translation": "do"
        }
    },
    {
        "model": "formula.formulacontextattributetype",
        "pk": 5,
        "fields": {
            "context_type": 1,
            "attribute_type": 5,
            "translation": "end"
        }
    },
    {
        "model": "formula.formulacontextattributetype",
        "pk": 6,
        "fields": {
            "context_type": 1,
            "attribute_type": 6,
            "translation": "None"
        }
    },
    {
        "model": "formula.formulacontextattributetype",
        "pk": 7,
        "fields": {
            "context_type": 1,
            "attribute_type": 7,
            "translation": "True"
        }
    },
    {
        "model": "formula.formulacontextattributetype",
        "pk": 8,
        "fields": {
            "context_type": 1,
            "attribute_type": 8,
            "translation": "False"
        }
    },
    {
        "model": "formula.formulacontextattributetype",
        "pk": 9,
        "fields": {
            "context_type": 1,
            "attribute_type": 9,
            "translation": "if"
        }
    },
    {
        "model": "formula.formulacontextattributetype",
        "pk": 10,
        "fields": {
            "context_type": 1,
            "attribute_type": 10,
            "translation": "else"
        }
    },
    {
        "model": "formula.formulacontextattributetype",
        "pk": 11,
        "fields": {
            "context_type": 1,
            "attribute_type": 11,
            "translation": "function"
        }
    },
    {
        "model": "formula.formulacontextattributetype",
        "pk": 12,
        "fields": {
            "context_type": 1,
            "attribute_type": 12,
            "translation": "."
        }
    },
    {
        "model": "formula.formulacontextattributetype",
        "pk": 13,
        "fields": {
            "context_type": 1,
            "attribute_type": 13,
            "translation": ","
        }
    },
    {
        "model": "formula.formulacontextattributetype",
        "pk": 14,
        "fields": {
            "context_type": 2,
            "attribute_type": 1,
            "translation": "e"
        }
    },
    {
        "model": "formula.formulacontextattributetype",
        "pk": 15,
        "fields": {
            "context_type": 2,
            "attribute_type": 2,
            "translation": "ou"
        }
    },
    {
        "model": "formula.formulacontextattributetype",
        "pk": 16,
        "fields": {
            "context_type": 2,
            "attribute_type": 3,
            "translation": "não"
        }
    },
    {
        "model": "formula.formulacontextattributetype",
        "pk": 17,
        "fields": {
            "context_type": 2,
            "attribute_type": 4,
            "translation": "faça"
        }
    },
    {
        "model": "formula.formulacontextattributetype",
        "pk": 18,
        "fields": {
            "context_type": 2,
            "attribute_type": 5,
            "translation": "fim"
        }
    },
    {
        "model": "formula.formulacontextattributetype",
        "pk": 19,
        "fields": {
            "context_type": 2,
            "attribute_type": 6,
            "translation": "Vazio"
        }
    },
    {
        "model": "formula.formulacontextattributetype",
        "pk": 20,
        "fields": {
            "context_type": 2,
            "attribute_type": 7,
            "translation": "Verdadeiro"
        }
    },
    {
        "model": "formula.formulacontextattributetype",
        "pk": 21,
        "fields": {
            "context_type": 2,
            "attribute_type": 8,
            "translation": "Falso"
        }
    },
    {
        "model": "formula.formulacontextattributetype",
        "pk": 22,
        "fields": {
            "context_type": 2,
            "attribute_type": 9,
            "translation": "se"
        }
    },
    {
        "model": "formula.formulacontextattributetype",
        "pk": 23,
        "fields": {
            "context_type": 2,
            "attribute_type": 10,
            "translation": "senão"
        }
    },
    {
        "model": "formula.formulacontextattributetype",
        "pk": 24,
        "fields": {
            "context_type": 2,
            "attribute_type": 11,
            "translation": "função"
        }
    },
    {
        "model": "formula.formulacontextattributetype",
        "pk": 25,
        "fields": {
            "context_type": 2,
            "attribute_type": 12,
            "translation": ","
        }
    },
    {
        "model": "formula.formulacontextattributetype",
        "pk": 26,
        "fields": {
            "context_type": 2,
            "attribute_type": 13,
            "translation": ";"
        }
    },
    {
        "model": "formula.formulacontextattributetype",
        "pk": 27,
        "fields": {
            "context_type": 1,
            "attribute_type": 14,
            "translation": "module"
        }
    },
    {
        "model": "formula.formulacontextattributetype",
        "pk": 28,
        "fields": {
            "context_type": 2,
            "attribute_type": 14,
            "translation": "modulo"
        }
    },
    {
        "model": "formula.formulacontextattributetype",
        "pk": 29,
        "fields": {
            "context_type": 1,
            "attribute_type": 15,
            "translation": "in"
        }
    },
    {
        "model": "formula.formulacontextattributetype",
        "pk": 30,
        "fields": {
            "context_type": 2,
            "attribute_type": 15,
            "translation": "em"
        }
    },
    {
        "model": "formula.formulabuiltinlibrarymoduletype",
        "pk": 2,
        "fields": {
            "module_name": "HTTP"
        }
    },
    {
        "model": "formula.formulabuiltinlibrarymoduleattributetype",
        "pk": 1,
        "fields": {
            "attribute_name": "module",
            "related_to": null
        }
    },
    {
        "model": "formula.formulabuiltinlibrarymoduleattributetype",
        "pk": 2,
        "fields": {
            "attribute_name": "module_struct_parameter",
            "related_to": 1
        }
    },
    {
        "model": "formula.formulabuiltinlibrarymoduleattributetype",
        "pk": 3,
        "fields": {
            "attribute_name": "method",
            "related_to": 1
        }
    },
    {
        "model": "formula.formulabuiltinlibrarymoduleattributetype",
        "pk": 4,
        "fields": {
            "attribute_name": "method_parameter",
            "related_to": 3
        }
    },
    {
        "model": "formula.formulabuiltinlibrarymoduleattributetype",
        "pk": 5,
        "fields": {
            "attribute_name": "struct",
            "related_to": 1
        }
    },
    {
        "model": "formula.formulabuiltinlibrarymoduleattributetype",
        "pk": 6,
        "fields": {
            "attribute_name": "struct_attribute",
            "related_to": 5
        }
    },
    {
        "model": "draft.drafttype",
        "pk": 1,
        "fields": {
            "name": "file",
            "order": 1
        }
    },
    {
        "model": "draft.drafttype",
        "pk": 2,
        "fields": {
            "name": "value",
            "order": 2
        }
    },
    {
        "model": "formulary.sectiontype",
        "pk": 1,
        "fields": {
            "type": "form",
            "label_name": "Único",
            "order": 1
        }
    },
    {
        "model": "formulary.sectiontype",
        "pk": 2,
        "fields": {
            "type": "multi-form",
            "label_name": "Múltiplo",
            "order": 1
        }
    },
    {
        "model": "formulary.fieldperiodintervaltype",
        "pk": 1,
        "fields": {
            "type": "seconds",
            "label_name": "Segundos",
            "in_seconds": 1,
            "order": 1
        }
    },
    {
        "model": "formulary.fieldperiodintervaltype",
        "pk": 2,
        "fields": {
            "type": "minutes",
            "label_name": "Minutos",
            "in_seconds": 60,
            "order": 1
        }
    },
    {
        "model": "formulary.fieldperiodintervaltype",
        "pk": 3,
        "fields": {
            "type": "hours",
            "label_name": "Horas",
            "in_seconds": 360,
            "order": 1
        }
    },
    {
        "model": "formulary.fieldperiodintervaltype",
        "pk": 4,
        "fields": {
            "type": "days",
            "label_name": "Dias",
            "in_seconds": 8640,
            "order": 1
        }
    },
    {
        "model": "formulary.fieldperiodintervaltype",
        "pk": 5,
        "fields": {
            "type": "weeks",
            "label_name": "Semanas",
            "in_seconds": 60480,
            "order": 1
        }
    },
    {
        "model": "formulary.fieldperiodintervaltype",
        "pk": 6,
        "fields": {
            "type": "month",
            "label_name": "Meses",
            "in_seconds": 259200,
            "order": 1
        }
    },
    {
        "model": "formulary.fieldnumberformattype",
        "pk": 1,
        "fields": {
            "type": "number",
            "label_name": "Numero",
            "precision": 100000000,
            "prefix": null,
            "suffix": null,
            "thousand_separator": ".",
            "decimal_separator": ",",
            "order": 1,
            "base": 1,
            "has_to_enforce_decimal": false
        }
    },
    {
        "model": "formulary.fieldnumberformattype",
        "pk": 2,
        "fields": {
            "type": "currency",
            "label_name": "Moeda",
            "precision": 100,
            "prefix": null,
            "suffix": null,
            "thousand_separator": ".",
            "decimal_separator": ",",
            "order": 3,
            "base": 1,
            "has_to_enforce_decimal": true
        }
    },
    {
        "model": "formulary.fieldnumberformattype",
        "pk": 3,
        "fields": {
            "type": "percentage",
            "label_name": "Porcentagem",
            "precision": 100,
            "prefix": null,
            "suffix": " %",
            "thousand_separator": null,
            "decimal_separator": ",",
            "order": 4,
            "base": 100,
            "has_to_enforce_decimal": true
        }
    },
    {
        "model": "formulary.fieldnumberformattype",
        "pk": 4,
        "fields": {
            "type": "integer",
            "label_name": "Inteiro",
            "precision": 1,
            "prefix": null,
            "suffix": null,
            "thousand_separator": null,
            "decimal_separator": null,
            "order": 2,
            "base": 1,
            "has_to_enforce_decimal": false
        }
    },
    {
        "model": "formulary.fielddateformattype",
        "pk": 1,
        "fields": {
            "type": "date",
            "label_name": "Data",
            "format": "%d/%m/%Y",
            "order": 1
        }
    },
    {
        "model": "formulary.fielddateformattype",
        "pk": 2,
        "fields": {
            "type": "datetime",
            "label_name": "Data e Hora",
            "format": "%d/%m/%Y %H:%M",
            "order": 2
        }
    },
    {
        "model": "formulary.conditionaltype",
        "pk": 1,
        "fields": {
            "type": "equal",
            "label_name": "Igual",
            "order": 1
        }
    },
    {
        "model": "formulary.fieldtype",
        "pk": 1,
        "fields": {
            "type": "number",
            "label_name": "Número",
            "order": 2,
            "is_dynamic_evaluated": false
        }
    },
    {
        "model": "formulary.fieldtype",
        "pk": 2,
        "fields": {
            "type": "text",
            "label_name": "Texto",
            "order": 1,
            "is_dynamic_evaluated": false
        }
    },
    {
        "model": "formulary.fieldtype",
        "pk": 3,
        "fields": {
            "type": "date",
            "label_name": "Data",
            "order": 3,
            "is_dynamic_evaluated": false
        }
    },
    {
        "model": "formulary.fieldtype",
        "pk": 4,
        "fields": {
            "type": "option",
            "label_name": "Opção",
            "order": 4,
            "is_dynamic_evaluated": false
        }
    },
    {
        "model": "formulary.fieldtype",
        "pk": 5,
        "fields": {
            "type": "form",
            "label_name": "Conexão com Formulário",
            "order": 5,
            "is_dynamic_evaluated": false
        }
    },
    {
        "model": "formulary.fieldtype",
        "pk": 6,
        "fields": {
            "type": "attachment",
            "label_name": "Anexo",
            "order": 6,
            "is_dynamic_evaluated": false
        }
    },
    {
        "model": "formulary.fieldtype",
        "pk": 7,
        "fields": {
            "type": "long_text",
            "label_name": "Texto Longo",
            "order": 7,
            "is_dynamic_evaluated": false
        }
    },
    {
        "model": "formulary.fieldtype",
        "pk": 10,
        "fields": {
            "type": "email",
            "label_name": "E-mail",
            "order": 8,
            "is_dynamic_evaluated": false
        }
    },
    {
        "model": "formulary.fieldtype",
        "pk": 11,
        "fields": {
            "type": "multi_option",
            "label_name": "Multiplas Opções",
            "order": 9,
            "is_dynamic_evaluated": false
        }
    },
    {
        "model": "formulary.fieldtype",
        "pk": 12,
        "fields": {
            "type": "id",
            "label_name": "ID",
            "order": 10,
            "is_dynamic_evaluated": false
        }
    },
    {
        "model": "formulary.fieldtype",
        "pk": 13,
        "fields": {
            "type": "user",
            "label_name": "Usuários",
            "order": 11,
            "is_dynamic_evaluated": false
        }
    },
    {
        "model": "formulary.fieldtype",
        "pk": 14,
        "fields": {
            "type": "period",
            "label_name": "Período",
            "order": 12,
            "is_dynamic_evaluated": false
        }
    },
    {
        "model": "formulary.fieldtype",
        "pk": 15,
        "fields": {
            "type": "formula",
            "label_name": "Formula",
            "order": 13,
            "is_dynamic_evaluated": true
        }
    },
    {
        "model": "notify.pushnotificationtagtype",
        "pk": 1,
        "fields": {
            "name": "web",
            "order": 1
        }
    },
    {
        "model": "theme.themetype",
        "pk": 1,
        "fields": {
            "name": "empty",
            "label_name": "Outro",
            "order": 1
        }
    },
    {
        "model": "theme.themetype",
        "pk": 2,
        "fields": {
            "name": "sales",
            "label_name": "Vendas",
            "order": 1
        }
    },
    {
        "model": "theme.themetype",
        "pk": 3,
        "fields": {
            "name": "development",
            "label_name": "T.I.",
            "order": 1
        }
    },
    {
        "model": "theme.themetype",
        "pk": 4,
        "fields": {
            "name": "rh",
            "label_name": "Recursos Humanos",
            "order": 1
        }
    },
    {
        "model": "theme.themetype",
        "pk": 6,
        "fields": {
            "name": "marketing",
            "label_name": "Marketing",
            "order": 1
        }
    },
    {
        "model": "theme.themetype",
        "pk": 7,
        "fields": {
            "name": "operations",
            "label_name": "Operações",
            "order": 1
        }
    },
    {
        "model": "theme.themetype",
        "pk": 8,
        "fields": {
            "name": "projects",
            "label_name": "Projetos",
            "order": 1
        }
    },
    {
        "model": "theme.themetype",
        "pk": 9,
        "fields": {
            "name": "finance",
            "label_name": "Financeiro",
            "order": 1
        }
    },
    {
        "model": "rich_text.textblocktype",
        "pk": 1,
        "fields": {
            "name": "text",
            "is_primitive": true,
            "order": 1
        }
    },
    {
        "model": "rich_text.textblocktype",
        "pk": 2,
        "fields": {
            "name": "image",
            "is_primitive": true,
            "order": 2
        }
    },
    {
        "model": "rich_text.textblocktype",
        "pk": 3,
        "fields": {
            "name": "table",
            "is_primitive": false,
            "order": 3
        }
    },
    {
        "model": "rich_text.textblocktype",
        "pk": 4,
        "fields": {
            "name": "table",
            "is_primitive": false,
            "order": 4
        }
    },
    {
        "model": "rich_text.textblocktypecancontaintype",
        "pk": 1,
        "fields": {
            "block": 3,
            "contain": 2
        }
    },
    {
        "model": "rich_text.textblocktypecancontaintype",
        "pk": 2,
        "fields": {
            "block": 3,
            "contain": 1
        }
    },
    {
        "model": "rich_text.textlisttype",
        "pk": 1,
        "fields": {
            "name": "unordered",
            "order": 1
        }
    },
    {
        "model": "rich_text.textlisttype",
        "pk": 2,
        "fields": {
            "name": "ordered",
            "order": 2
        }
    },
    {
        "model": "rich_text.textalignmenttype",
        "pk": 1,
        "fields": {
            "name": "left",
            "order": 1
        }
    },
    {
        "model": "rich_text.textalignmenttype",
        "pk": 2,
        "fields": {
            "name": "right",
            "order": 3
        }
    },
    {
        "model": "rich_text.textalignmenttype",
        "pk": 3,
        "fields": {
            "name": "center",
            "order": 2
        }
    }
]